,bacillus subtilis 168,bacillus megaterium,bacillus pumilus,bacillus licheniformis,bacillus halodurans,geobacillus therm,vibrio splendidus,escherichia coli,zymomonas mobilis,salmonella enterica,lambda phage
AAAAA/TTTTT,31394,44854,25989,32513,25444,32927,18438,16671,13525,18761,186
AAAAC/GTTTT,22793,26234,16714,23285,17406,21840,19957,17174,8697,17732,207
AAAAG/CTTTT,29239,44335,27690,31510,25359,25701,19211,12546,12379,14657,145
AAAAT/ATTTT,27943,41444,24326,27386,23614,31864,18643,17886,14419,19586,181
AAACA/TGTTT,21282,24358,17546,18517,16868,19617,19409,12712,5652,11701,163
AAACC/GGTTT,11442,11811,9047,11664,9320,8965,16989,13720,5940,13245,123
AAACG/CGTTT,14917,18402,11851,17104,15916,19474,14512,14082,5422,15782,141
AAACT/AGTTT,9269,13585,7072,8458,8033,8904,15039,9944,3076,8977,89
AAAGA/TCTTT,22970,33122,22891,23414,18602,19627,20384,12353,10260,12870,142
AAAGC/GCTTT,20546,25332,17059,23272,16369,17303,21876,15037,11559,16331,137
AAAGG/CCTTT,15735,17661,15872,17167,16991,12708,13087,9319,7916,10262,108
AAAGT/ACTTT,10773,18714,10417,10741,11216,10400,15718,9636,3970,9141,75
AAATA/TATTT,18691,32438,16769,16134,15106,20230,16477,11813,8484,13494,137
AAATC/GATTT,18978,21652,15927,19872,15929,18213,16475,14236,8618,14076,153
AAATG/CATTT,20482,26384,20751,18570,19195,19447,14916,12248,6231,11967,135
AAATT/AATTT,14649,25245,13911,13435,13792,18577,13523,11491,8005,11231,112
AACAA/TTGTT,15963,23455,14764,13417,16359,18037,22929,11986,5643,9492,117
AACAC/GTGTT,7271,8213,6404,5974,7382,6477,14317,7865,2189,6843,95
AACAG/CTGTT,14779,16325,11971,13413,11250,10504,14699,13467,6041,13371,156
AACAT/ATGTT,11167,14418,9702,10635,12079,12927,14503,10200,3861,9473,112
AACCA/TGGTT,7132,9863,7349,5672,8289,6858,20766,12664,5220,11083,131
AACCC/GGGTT,4606,5017,3585,4714,5677,3787,8449,7346,3268,7457,63
AACCG/CGGTT,8703,7658,5817,11220,8849,9525,11128,12785,6397,13068,97
AACCT/AGGTT,6601,7594,5303,5936,6377,3187,13337,8101,2919,7869,75
AACGA/TCGTT,9397,12948,9723,10439,16069,12948,14485,9114,3388,9345,111
AACGC/GCGTT,7486,9085,5064,8047,7106,10403,13547,16764,5094,18622,105
AACGG/CCGTT,10235,10584,6766,13269,11007,13435,10580,11910,5396,13056,111
AACGT/ACGTT,5349,10252,5258,4885,8602,6627,10943,9154,1389,9609,85
AACTA/TAGTT,3565,8902,3792,2798,5021,3887,9681,3630,1406,3312,42
AACTC/GAGTT,4871,7476,4106,4330,6188,4839,12622,6672,1362,5802,84
AACTG/CAGTT,8679,9866,6728,7292,6378,6187,13779,14405,3143,12936,130
AACTT/AAGTT,7672,14273,6481,7454,8545,8231,16901,7532,2551,6179,77
AAGAA/TTCTT,22717,33510,22631,21305,19043,21646,22435,11114,8996,10094,114
AAGAC/GTCTT,8869,10062,9061,9993,7405,6323,11819,5730,4818,6075,71
AAGAG/CTCTT,11759,15490,11876,11392,12380,8480,14597,7606,4058,8132,86
AAGAT/ATCTT,12380,17854,12606,12148,11587,10720,17481,9698,7082,9121,83
AAGCA/TGCTT,15905,22525,15545,14093,13775,14716,18881,9399,4919,8206,119
AAGCC/GGCTT,11246,9987,8917,13281,9716,8238,15562,10631,9187,10872,108
AAGCG/CGCTT,13345,14879,10053,17758,12293,17923,16966,13307,6734,16143,113
AAGCT/AGCTT,13452,16964,10769,12830,11530,7435,17399,6232,4608,6905,71
AAGGA/TCCTT,13821,15642,13147,13452,15468,12306,6744,5196,3762,5336,81
AAGGC/GCCTT,10287,8441,8294,11972,8738,7307,13219,9116,9610,10492,87
AAGGG/CCCTT,7079,6818,6971,8391,10586,7126,5907,5134,4083,5635,61
AAGGT/ACCTT,7596,10097,8126,7175,8912,4442,15740,8156,4313,7185,89
AAGTA/TACTT,6981,16574,8306,5778,8715,6525,14044,5110,1577,4927,37
AAGTC/GACTT,6590,8038,7121,7806,7198,5382,10460,5528,3207,5361,62
AAGTG/CACTT,8530,11945,10306,7116,10192,8469,14396,8128,2013,6408,79
AATAA/TTATT,16958,31476,14418,13358,14815,18777,17149,13398,8909,14796,136
AATAC/GTATT,10164,15559,8964,8834,7864,8405,15471,9537,3558,10987,97
AATAG/CTATT,7213,14344,7347,5742,7661,6378,11156,5466,5198,6890,52
AATAT/ATATT,14274,19502,12523,12583,9384,15351,11885,10699,7794,11833,127
AATCA/TGATT,18282,20112,16443,14790,14431,13294,20379,14321,6722,13111,145
AATCC/GGATT,10815,11263,8525,10497,10240,10762,8012,9158,5583,9775,118
AATCG/CGATT,12135,12169,10307,15621,15667,15293,14648,10369,5884,10733,74
AATCT/AGATT,9447,12082,8404,8337,8054,6283,12395,7967,5212,7623,83
AATGA/TCATT,18615,22314,19550,16743,18600,16506,17264,11023,5382,11469,124
AATGC/GCATT,11612,12431,10224,10751,8853,11425,13938,13023,4993,12407,145
AATGG/CCATT,13158,14854,13843,10762,14578,13407,14820,11668,5997,11508,127
AATGT/ACATT,11027,13471,10218,10265,11592,10840,11692,7909,3055,7827,90
AATTA/TAATT,8827,19411,8326,6687,9265,9982,10908,7934,4689,7613,83
AATTC/GAATT,11041,15870,10491,10073,10332,11733,10678,7635,5159,7401,82
AATTG/CAATT,12046,17489,11761,9447,11561,12434,12519,7732,5042,6459,64
ACAAA/TTTGT,16839,22741,15818,15331,15017,15708,17636,11363,5243,10178,116
ACAAC/GTTGT,6895,9035,6339,6335,8349,7489,14846,8941,2962,7593,89
ACAAG/CTTGT,9610,12499,10227,9199,10158,9041,14164,4560,3204,3913,50
ACAAT/ATTGT,11617,14638,10167,9222,10779,11019,11672,8438,4047,8019,68
ACACA/TGTGT,5952,6119,5792,4100,4752,3927,8805,4157,1028,3863,60
ACACC/GGTGT,5878,5794,6103,4828,6005,4167,11450,8530,2319,6667,98
ACACG/CGTGT,4132,4846,3822,4111,5152,3797,7275,4670,1052,5224,67
ACACT/AGTGT,4881,5416,4921,3338,4846,3388,8830,4350,845,3766,51
ACAGA/TCTGT,10099,9306,8677,8840,7223,5586,10127,6819,3833,7234,97
ACAGC/GCTGT,13699,13635,10480,12649,8318,8322,11401,12062,4738,12511,122
ACAGG/CCTGT,8362,7255,7221,8583,6901,5251,6981,8315,4107,9835,122
ACAGT/ACTGT,6383,7679,5067,4699,4962,4084,9081,6319,1677,5916,94
ACATA/TATGT,7974,11655,7191,6627,6662,7484,7135,5062,2151,5375,68
ACATC/GATGT,9465,9607,9267,9821,9306,8685,13919,9938,3705,9459,103
ACATG/CATGT,6691,6839,7342,6251,6952,6010,7803,5338,2154,5512,74
ACCAA/TTGGT,6530,9766,8201,4877,8395,6599,24319,9164,5557,7104,84
ACCAC/GTGGT,2776,4163,3734,2590,4705,2877,13227,11061,2486,9753,109
ACCAG/CTGGT,4746,5154,5215,4291,4894,3149,10919,16422,3716,15820,120
ACCAT/ATGGT,7540,9124,8465,6586,9435,7424,14167,10976,4884,10211,129
ACCCA/TGGGT,3459,4242,3590,2696,4606,2741,10450,7255,3300,6643,65
ACCCC/GGGGT,2455,2444,2217,2871,4049,2539,3042,3716,2385,4159,35
ACCCG/CGGGT,4230,2936,2654,4972,3486,3327,5881,8999,3505,9369,79
ACCCT/AGGGT,3573,4381,3395,3618,4706,2333,5824,4622,2175,4960,38
ACCGA/TCGGT,6073,5112,5309,7105,9241,5793,10850,10122,4715,9518,81
ACCGC/GCGGT,6934,5888,5318,8739,5672,9013,9840,15380,5053,16244,143
ACCGG/CCGGT,5663,3385,3041,7760,3402,5481,3661,11423,4925,13192,126
ACCGT/ACGGT,5943,7684,5044,7125,8149,6838,11164,11148,3212,11652,93
ACCTA/TAGGT,2583,5889,3360,1751,3900,1761,10159,2526,1362,2500,22
ACCTC/GAGGT,4614,4601,4323,4231,5335,2606,6068,4112,1719,5260,63
ACCTG/CAGGT,6004,6290,6236,5589,5218,2083,9407,12361,2718,12377,132
ACGAA/TTCGT,8190,11730,8957,9377,12961,10287,12148,8222,2709,8039,110
ACGAC/GTCGT,4058,4352,4476,6103,7516,5199,9453,7221,2631,8258,70
ACGAG/CTCGT,4457,5578,4685,5117,8436,4107,8264,3867,1381,3747,56
ACGAT/ATCGT,9200,11020,8959,11600,13802,11303,11912,9555,3938,11108,90
ACGCA/TGCGT,4798,6186,4609,3995,4630,5126,9500,10932,2333,10793,98
ACGCC/GGCGT,6043,5398,4188,7554,4892,6589,8433,16130,3876,20427,128
ACGCG/CGCGT,3269,3504,1819,4048,2740,5551,5870,10960,2455,13805,62
ACGCT/AGCGT,6483,9733,5302,7257,6884,6676,12006,12761,2874,15194,108
ACGGA/TCCGT,7873,8174,5414,9762,8365,9026,5358,6292,3013,7357,107
ACGGC/GCCGT,8464,6578,4658,12751,5889,8771,8763,12516,4786,16062,115
ACGGG/CCCGT,4642,3938,2894,6168,4960,5109,3799,6445,3589,7127,103
ACGTA/TACGT,3589,8240,4077,2869,5937,3508,7700,4989,631,5333,47
ACGTC/GACGT,3706,5396,3862,4111,5293,3674,6160,6472,1346,7337,83
ACGTG/CACGT,3310,5259,3484,2678,4766,3150,6827,5403,832,5446,50
ACTAA/TTAGT,3650,9591,3970,2502,5130,4006,10354,3630,1315,3374,43
ACTAC/GTAGT,2162,5298,2195,2110,3237,2153,7550,4507,791,4269,35
ACTAG/CTAGT,1456,4259,2538,858,3193,1387,5011,463,576,387,4
ACTAT/ATAGT,4143,8296,4006,3526,5033,4192,7314,4553,2425,5280,56
ACTCA/TGAGT,4791,6435,5216,3381,5281,2754,13609,6112,1030,5614,85
ACTCC/GGAGT,3995,5583,2932,3767,5069,4355,4223,4604,837,4583,70
ACTCG/CGAGT,2965,3674,3146,3293,5057,2715,8693,4073,918,3686,44
ACTCT/AGAGT,4316,6370,3803,3349,4966,2809,10023,4776,1266,4254,62
ACTGA/TCAGT,7897,7313,6085,6021,4751,3211,13298,9423,2457,8486,119
ACTGC/GCAGT,6698,7879,5674,5573,4164,4842,10220,10655,2050,9786,118
ACTGG/CCAGT,5037,4842,4910,4052,4721,3921,10419,14668,2968,13552,110
ACTTA/TAAGT,4337,9362,4714,3148,5820,3718,11757,4300,1064,3752,51
ACTTC/GAAGT,8065,13022,8439,8235,9041,8045,14870,8879,2883,7386,85
ACTTG/CAAGT,6622,9861,8697,6065,8621,6468,13568,3469,1431,2620,44
AGAAA/TTTCT,22814,28914,20449,19366,17712,18879,20111,12929,9136,12125,174
AGAAC/GTTCT,8369,10004,7683,7820,7548,6243,13858,8046,3376,7067,103
AGAAG/CTTCT,13978,22523,15448,13048,13724,11701,17816,8254,5832,7371,84
AGAAT/ATTCT,11164,13375,10098,9590,8717,7843,11571,7699,5586,8083,98
AGACA/TGTCT,8367,7683,8184,7535,6308,4667,10849,5148,3323,5221,64
AGACC/GGTCT,4366,4264,4905,4940,4097,2513,6553,4988,3089,6236,49
AGACG/CGTCT,6215,7129,5727,8410,6758,5188,7537,7449,2877,8748,79
AGACT/AGTCT,4328,5380,4147,4100,3737,2142,6848,3580,1936,3822,50
AGAGA/TCTCT,8334,9640,8635,6985,8051,5060,11630,6319,2844,5983,76
AGAGC/GCTCT,7928,8958,7572,8025,8165,4856,12582,6094,2879,6284,94
AGAGG/CCTCT,6694,6733,7058,6453,8355,4606,5708,4256,2783,5033,61
AGATA/TATCT,8022,13522,7747,6129,6123,5941,13616,8004,4875,8431,100
AGATC/GATCT,6812,5585,7156,7596,6874,3518,9718,7268,3492,7453,42
AGATG/CATCT,9826,13197,12104,8927,10171,7808,12618,9092,4069,8639,104
AGCAA/TTGCT,13034,19904,12263,10678,14998,13823,21981,13299,5226,10432,132
AGCAC/GTGCT,7041,8088,6995,6145,5921,5218,11283,8977,2065,7722,108
AGCAG/CTGCT,12518,16622,11977,11533,8764,8166,12885,13776,3728,14399,172
AGCAT/ATGCT,11523,13693,10575,10639,9615,8340,12191,9620,4336,9636,113
AGCCA/TGGCT,8366,8770,8341,7304,8874,6776,15657,12381,6362,11696,145
AGCCC/GGGCT,5394,4083,3858,5814,5165,3992,5956,6440,3536,7499,61
AGCCG/CGGCT,10361,7410,6367,14606,7096,8492,8510,10079,6742,12701,111
AGCCT/AGGCT,7946,7307,6194,8277,6692,3301,9561,6610,5859,7151,83
AGCGA/TCGCT,7381,9034,7281,9751,11357,10704,14703,11634,4375,12900,100
AGCGC/GCGCT,6710,6600,4342,9032,4596,9081,9374,14952,3727,21354,109
AGCGG/CCGCT,11361,9203,7478,14031,7827,13073,8934,13324,5389,15445,114
AGCTA/TAGCT,3976,11264,4496,2761,6588,3064,10567,3272,2525,3723,38
AGCTC/GAGCT,8401,9475,7116,8503,8131,4478,11268,5141,1724,5884,58
AGCTG/CAGCT,13604,15601,11222,12445,8593,7324,11821,9610,4340,9772,94
AGGAA/TTCCT,13304,16309,12072,13142,14423,12804,8218,8328,4040,8207,107
AGGAC/GTCCT,4667,4417,4918,4911,5342,2800,2896,3114,1503,3911,52
AGGAG/CTCCT,7732,11046,7063,7761,10010,6507,3581,4042,1116,4889,70
AGGAT/ATCCT,9723,8560,8100,8679,8607,6077,5648,7058,4414,7795,80
AGGCA/TGCCT,7792,7041,7306,7443,6121,5751,8860,8662,5250,8126,90
AGGCC/GGCCT,4120,2218,1896,5007,3159,2270,4801,6286,4047,7975,75
AGGCG/CGCCT,7684,6116,6015,10249,6186,6867,7969,11697,5253,16794,102
AGGGA/TCCCT,6157,5814,5496,6755,8152,5232,4423,4298,2150,5037,59
AGGGC/GCCCT,4468,3257,3592,4853,4581,3321,5080,5783,2977,6785,59
AGGGG/CCCCT,3749,3526,3349,4692,6699,4363,2774,3751,2397,4581,52
AGGTA/TACCT,4103,7543,4202,3148,4768,2331,10595,5893,1989,6459,67
AGGTC/GACCT,3840,4075,4999,4342,4542,1695,6898,5381,2787,5723,62
AGGTG/CACCT,6239,7664,7533,5318,7664,3680,10645,7761,2413,7246,102
AGTAA/TTACT,6356,13546,6273,4035,7389,5557,14196,7504,2290,7143,78
AGTAC/GTACT,3069,5635,3532,2734,3594,1956,8421,5109,270,5381,51
AGTAG/CTACT,2870,9682,4045,2259,5041,2726,8224,3276,922,3412,31
AGTAT/ATACT,6336,10421,5576,5194,5520,4740,8673,5014,1515,5858,64
AGTCA/TGACT,6517,7198,6281,5522,5871,4027,10352,6264,2540,5799,80
AGTCC/GGACT,3726,4094,3651,4197,3997,2569,3207,3392,1197,4271,53
AGTCG/CGACT,3731,3916,3547,5239,5596,4094,8912,5898,2587,6042,53
AGTGA/TCACT,7754,9941,8429,5371,7569,5968,14227,8096,2125,6474,90
AGTGC/GCACT,4982,5891,5528,3959,4073,4141,10263,7657,1452,5107,95
AGTGG/CCACT,3742,6112,4552,3316,6809,4566,9701,7444,1546,6408,65
AGTTA/TAACT,4177,9934,3513,2726,5120,4118,11993,5877,1739,5203,69
AGTTC/GAACT,6119,8461,5506,6341,6088,4946,12265,8418,1561,7429,109
AGTTG/CAACT,5220,8560,5022,4335,6900,5178,13601,7962,2070,6579,66
ATAAA/TTTAT,22591,35250,18778,19774,17578,22175,17649,15361,9730,17251,170
ATAAC/GTTAT,7374,12314,5296,5411,7227,7884,12489,10821,5284,11385,115
ATAAG/CTTAT,8665,13441,7169,6910,8187,7481,10997,6201,4305,7291,72
ATAAT/ATTAT,13162,20815,10343,10002,10745,14147,10666,10881,8160,12472,104
ATACA/TGTAT,11026,14747,9959,8611,7689,7845,9347,5393,1825,5677,90
ATACC/GGTAT,6046,7923,5307,5400,4995,4728,11494,9397,4209,11374,99
ATACG/CGTAT,7447,11150,6983,7864,8082,7787,8693,6650,2318,8888,71
ATAGA/TCTAT,7533,10805,7551,6100,6533,4638,9775,4176,4329,5181,50
ATAGC/GCTAT,5787,10430,5111,5015,6138,5763,9904,7298,6119,10208,62
ATAGG/CCTAT,4357,6333,4199,3323,4923,3463,5794,2670,3357,3482,30
ATATA/TATAT,8673,12766,7314,7208,5208,8852,5180,4145,3031,4937,59
ATATC/GATAT,11628,12463,9642,10528,6824,10261,11013,9805,6773,10899,120
ATATG/CATAT,11324,13733,10414,9796,7635,10891,6933,6812,4090,7642,87
ATCAA/TTGAT,19300,20225,20028,18082,16987,13466,26669,14401,9505,12763,135
ATCAC/GTGAT,9286,9099,10137,8026,8847,7219,15852,12241,4144,10984,126
ATCAG/CTGAT,14945,10717,10637,13736,7511,6551,14323,15946,7314,15475,160
ATCAT/ATGAT,16914,17717,16938,16368,16102,14705,15415,11886,6887,11982,114
ATCCA/TGGAT,9431,11324,9816,8273,10872,9856,11128,10520,5165,11336,102
ATCCC/GGGAT,6751,5352,5333,7429,7791,6484,5339,8012,4125,8788,114
ATCCG/CGGAT,9421,6756,5707,12027,7481,11041,5843,10865,6175,12568,131
ATCGA/TCGAT,6861,6899,7635,11409,11072,9893,14822,9425,4960,8680,78
ATCGC/GCGAT,8867,7612,7454,12224,11104,13715,14861,17339,7004,20081,121
ATCGG/CCGAT,10354,5931,6403,13565,10554,10611,8803,10478,7365,12163,73
ATCTA/TAGAT,5201,10253,6528,3664,5902,3381,10271,3169,2285,3070,42
ATCTC/GAGAT,7637,8397,7766,7166,7803,5073,10894,7779,2799,7299,70
ATCTG/CAGAT,9454,8378,8954,8516,6369,4607,10806,12302,5697,13233,139
ATGAA/TTCAT,20820,26630,21240,20933,19609,18843,18658,13035,6407,13096,172
ATGAC/GTCAT,10711,9372,11360,11320,10838,8816,11133,9980,4748,10855,134
ATGAG/CTCAT,8959,9750,10226,8201,10630,6829,9535,6404,2340,7203,81
ATGCA/TGCAT,7460,9720,7844,6803,6209,6903,9362,8200,2867,7158,131
ATGCC/GGCAT,9815,7057,7792,10707,6661,9417,10196,13126,6758,13546,142
ATGCG/CGCAT,6654,6298,6163,7437,5577,9483,8877,11747,4046,13201,112
ATGGA/TCCAT,11305,13424,11558,10251,13720,12845,9651,7801,4091,8244,97
ATGGC/GCCAT,9922,8022,9287,8854,9519,10698,13691,14351,7880,16314,140
ATGGG/CCCAT,6150,6231,5809,5717,8250,6765,7394,6555,4309,7175,71
ATGTA/TACAT,8310,13670,7954,6726,7911,6179,8485,4892,1326,5007,68
ATGTC/GACAT,9066,6859,8992,9966,7895,7728,9428,7018,4199,7756,84
ATGTG/CACAT,7198,7281,8062,6125,7275,6706,8749,6466,1774,6257,72
ATTAA/TTAAT,11918,22380,10636,10078,12020,11273,14045,10671,3979,10833,104
ATTAC/GTAAT,7339,12143,6207,5706,7620,6334,12770,10253,3936,10526,109
ATTAG/CTAAT,4813,10808,5426,2864,6422,5304,9963,3761,2512,3989,41
ATTCA/TGAAT,15378,18511,15115,13646,12808,11265,17313,11209,5284,10945,142
ATTCC/GGAAT,11326,12967,9371,11630,10662,12745,8076,8149,4668,8777,96
ATTCG/CGAAT,7481,8758,7624,9048,10226,9554,10682,7516,3892,8410,65
ATTGA/TCAAT,16854,18209,16935,15074,14918,12866,21126,11241,6811,11529,102
ATTGC/GCAAT,11133,12796,9590,9115,9988,13524,14821,14351,6303,12493,143
ATTGG/CCAAT,8829,11366,9486,7320,10536,10757,16303,7692,6714,7049,69
ATTTA/TAAAT,13484,25761,13403,11296,13037,13824,14710,10152,5084,10571,121
ATTTC/GAAAT,17490,21905,15669,16910,15019,17768,14359,13201,7900,12882,140
ATTTG/CAAAT,15724,20129,15671,14359,14166,16132,15114,9880,5121,9207,112
CAAAA/TTTTG,25006,30136,21002,26011,19310,24740,20935,15880,12235,15878,164
CAAAC/GTTTG,11863,14039,10582,11399,11590,12716,18016,11874,3489,10643,92
CAAAG/CTTTG,12214,12933,12349,13343,10948,9908,18080,11057,8126,10454,94
CAACA/TGTTG,8722,10852,8743,7868,10690,10227,20614,12398,4753,10391,107
CAACC/GGTTG,4975,4969,4337,5442,7019,5295,13931,10283,4553,9043,98
CAACG/CGTTG,5012,6601,4726,5986,8600,7905,13942,12816,3372,12747,90
CAAGA/TCTTG,10172,12898,11135,9229,10674,9374,16654,5029,5189,4573,53
CAAGC/GCTTG,13223,13459,11351,14195,11508,12916,18491,6388,4890,6581,80
CAAGG/CCTTG,7197,6916,6878,8166,8973,6398,11137,4971,5946,4505,44
CAATA/TATTG,11430,15709,9998,9323,8996,11805,16835,11123,7007,12002,113
CAATC/GATTG,11907,11454,11135,10742,12481,10727,15705,10450,6426,9381,86
CAATG/CATTG,11781,10614,12078,10360,11866,12140,17392,11626,5041,10648,113
CACAA/TTGTG,8332,8977,8712,6454,7670,6799,12223,7529,2755,6390,73
CACAC/GTGTG,3878,3487,4296,2892,3721,2449,7795,5009,754,4068,75
CACAG/CTGTG,6005,5360,5339,5108,4087,3146,7739,6737,2071,6527,83
CACCA/TGGTG,5601,6296,7700,4402,7551,5367,17959,16545,4029,13352,152
CACCC/GGGTG,3713,3063,3238,3787,4154,2951,6614,6767,2930,6154,59
CACCG/CGGTG,6227,4857,4811,6727,6644,6874,9502,14955,4277,12725,170
CACGA/TCGTG,4579,4817,4928,5119,7282,4804,8928,6427,2030,6379,71
CACGC/GCGTG,4227,4635,3594,4069,3776,4412,7952,12578,2342,13377,123
CACGG/CCGTG,4096,3993,2865,5077,4464,4160,6175,8271,2622,8366,124
CACTA/TAGTG,2639,5546,3396,1833,3957,2941,8503,4263,1148,3906,36
CACTC/GAGTG,4324,4601,4477,3308,5411,3125,8584,4770,975,3963,66
CACTG/CAGTG,5885,5301,5305,3730,3750,3542,11606,10429,1833,7496,119
CAGAA/TTCTG,13546,12082,10564,11434,8484,7689,15129,13857,7623,13180,205
CAGAC/GTCTG,6353,4492,5298,6896,4286,3284,7946,10400,3219,11178,119
CAGAG/CTCTG,6326,4732,5533,5481,5196,2986,9502,7101,2535,5835,129
CAGCA/TGCTG,16152,15299,13215,13758,9372,10015,17309,23036,5584,21368,240
CAGCC/GGCTG,11400,7177,7899,12468,6419,7116,8544,14744,6799,15993,173
CAGCG/CGCTG,9732,8371,6342,11412,5710,10122,10957,24028,4570,29390,208
CAGGA/TCCTG,9565,8832,7759,10006,7494,5952,5238,11495,4023,13046,141
CAGGC/GCCTG,9355,5569,5958,10710,4672,4701,7326,16881,5264,20028,159
CAGGG/CCCTG,4818,3468,3518,5867,4484,2931,4811,8677,2820,9845,89
CAGTA/TACTG,5372,7852,4638,3683,4097,3207,11311,9244,1652,10004,110
CAGTC/GACTG,6105,4734,5060,5648,4381,3131,6350,6975,2530,7258,84
CATAA/TTATG,10897,15191,8830,9003,10082,10499,9891,9208,5501,9963,113
CATAC/GTATG,6913,9209,6641,6239,6597,5716,7287,5829,1588,6964,93
CATAG/CTATG,4816,6508,4685,4158,5395,3706,6482,4165,3374,5142,49
CATCA/TGATG,15376,13733,15846,15089,12640,11806,22526,18216,7445,16608,197
CATCC/GGATG,9231,7111,8148,10022,9854,9542,7192,10521,5152,11617,149
CATCG/CGATG,8339,7491,7741,12844,11681,12872,14492,14500,5267,15085,141
CATGA/TCATG,9256,8635,10221,9459,9641,7573,9627,7655,3853,8463,90
CATGC/GCATG,6986,6281,6592,7177,6055,6695,7644,7858,3485,8191,87
CATGG/CCATG,6023,5062,5666,6266,7395,6224,8261,7307,4215,8072,91
CATTA/TAATG,10429,14857,9445,7941,10470,10052,13992,10659,4096,11385,106
CATTC/GAATG,11744,11290,11612,11689,12077,10544,11413,9020,4072,9101,133
CCAAA/TTTGG,11355,13170,10127,11152,10233,13020,16768,8470,8309,8772,82
CCAAC/GTTGG,3361,5581,4366,3159,7032,5987,14605,8655,3419,8316,60
CCAAG/CTTGG,6979,7367,6539,5934,7209,7349,15219,2514,5205,2289,39
CCACA/TGTGG,4326,4754,4428,3719,5796,4073,9197,7967,1992,7308,96
CCACC/GGTGG,2854,3635,3466,3100,6471,4024,9130,11317,3103,10720,117
CCACG/CGTGG,2306,3148,2071,2592,4211,2963,6446,9778,1879,10171,108
CCAGA/TCTGG,5684,4491,5210,4668,5372,3724,10188,15124,5856,14938,136
CCAGC/GCTGG,8782,7113,7150,8187,6448,8023,9548,25987,5677,28677,204
CCAGG/CCTGG,3316,3091,2690,4332,3203,2038,2766,12119,580,13800,71
CCATA/TATGG,7352,8953,6564,5775,7619,7641,8652,7236,4838,8490,75
CCATC/GATGG,8034,7644,8758,8271,10714,9985,12537,13003,5740,13427,145
CCCAA/TTGGG,4918,5170,4554,4267,6022,5219,9182,4409,5118,4497,42
CCCAC/GTGGG,2216,2932,1952,2196,4054,2246,5335,6136,1214,6094,57
CCCAG/CTGGG,3750,3039,2981,3522,3832,2552,5559,10189,2559,10672,72
CCCCA/TGGGG,3565,3405,3068,3428,5365,3849,4224,5875,3027,6364,55
CCCCC/GGGGG,2099,1647,1357,2676,2952,2528,1264,2538,1799,3300,41
CCCCG/CGGGG,3572,1918,1756,5357,3202,4220,1733,5068,2769,6435,67
CCCGA/TCGGG,4861,2241,2357,6409,4790,4362,3613,5575,4433,6117,56
CCCGC/GCGGG,6088,3238,3369,7237,3775,6857,4173,11041,3935,13456,90
CCCGG/CCGGG,4407,1794,1427,6380,1774,4317,2083,8997,1435,11443,111
CCCTA/TAGGG,2217,3633,2179,1625,3897,2057,4160,1749,1445,2178,13
CCCTC/GAGGG,3845,3079,3169,4050,5179,3136,3202,2894,1351,3709,45
CCGAA/TTCGG,8137,5435,5264,11723,7859,8114,7243,8550,6301,8825,65
CCGAC/GTCGG,5265,2594,2710,7642,5053,5559,5792,8121,3595,9857,75
CCGAG/CTCGG,4375,2358,2402,6526,5125,3031,4571,4922,2016,4708,42
CCGCA/TGCGG,8421,4963,5547,9541,4850,10039,7051,13429,4763,13842,147
CCGCC/GGCGG,8768,4435,5715,11766,4935,10830,6050,16819,6355,24053,161
CCGCG/CGCGG,4125,2498,1891,6238,2852,7669,4292,11750,3270,16078,85
CCGGA/TCCGG,7294,3406,2632,10297,3207,7966,2566,11941,4970,13980,188
CCGGC/GCCGG,7976,3192,2942,11439,2907,7889,2692,12849,5034,18897,189
CCGTA/TACGG,5603,6841,3825,6399,5656,5164,6503,7241,2438,8556,69
CCGTC/GACGG,6988,4970,4563,11090,6239,7015,5872,8961,4151,12201,114
CCTAA/TTAGG,3919,7237,3851,2897,4976,3776,8914,2402,2157,2658,18
CCTAC/GTAGG,2238,5618,2544,1879,3949,1609,5175,3036,778,3369,23
CCTAG/CTAGG,1164,2868,1965,698,2719,914,5410,258,649,242,5
CCTCA/TGAGG,6282,4543,5384,5475,6248,3540,6250,4370,1912,5104,75
CCTCC/GGAGG,5979,6252,4184,6507,6844,5139,2025,3158,1431,5082,80
CCTCG/CGAGG,3069,2475,2449,4323,4674,2776,3526,4716,2020,5181,45
CCTGA/TCAGG,9605,6250,6326,10176,5927,3480,9295,13651,5765,14123,164
CCTGC/GCAGG,8491,7515,7231,9094,5838,4878,7717,15340,4384,17562,161
CCTTA/TAAGG,5209,5903,4083,4215,5748,3638,7300,4482,3164,4932,60
CCTTC/GAAGG,10712,10583,9747,11508,12081,8481,10159,8868,4831,8992,106
CGAAA/TTTCG,11287,10847,9235,14946,13276,15977,11877,12436,6438,12475,113
CGAAC/GTTCG,4846,5907,4178,7104,8037,6707,10399,8617,2606,9187,72
CGAAG/CTTCG,7325,7559,6592,9785,8588,8192,11567,10063,4649,9837,84
CGACA/TGTCG,6908,4059,5756,9351,7658,8637,10852,9510,4423,10774,83
CGACC/GGTCG,2836,2370,2910,5280,5306,3970,8308,8541,4400,9798,64
CGACG/CGTCG,3101,3069,2571,7094,5461,5882,7118,10388,2422,13848,97
CGAGA/TCTCG,4876,4138,4372,6112,7140,4038,8021,5503,2616,5218,56
CGAGC/GCTCG,5294,4615,4151,8470,7842,5930,8800,6783,2316,7212,48
CGATA/TATCG,8102,8622,6321,8551,8247,9688,14453,12353,6755,15018,94
CGATC/GATCG,6974,3996,6581,11984,11236,7963,8082,9585,5202,10960,55
CGCAA/TTGCG,8091,6818,6304,8671,7494,12838,10721,12980,4704,13270,73
CGCAC/GTGCG,3756,3445,3334,4091,3522,4630,6949,9869,1773,8872,89
CGCAG/CTGCG,6154,5213,4926,6791,3591,5103,8805,15762,3393,18266,173
CGCCA/TGGCG,7990,5099,6412,8129,7235,12289,13929,25985,6175,32018,167
CGCCC/GGGCG,4272,2380,2543,6044,4201,5519,4795,11349,4325,15162,88
CGCCG/CGGCG,8446,3908,3780,14557,4181,12542,5956,19511,5098,32246,170
CGCGA/TCGCG,3599,2809,1817,5553,4095,7633,7031,11297,3349,14496,70
CGCGC/GCGCG,3299,2492,1605,4869,2226,7402,4841,14046,3233,21265,74
CGCTA/TAGCG,3469,6948,3520,3138,5377,5258,9963,7762,3065,11037,41
CGCTC/GAGCG,6355,5627,5199,9086,8010,7315,8424,8271,2368,10327,72
CGGAA/TTCCG,12462,8727,6539,16346,9429,16963,5736,11940,5540,14025,141
CGGAC/GTCCG,5299,3101,3075,7549,4039,5249,2398,5650,2133,7319,100
CGGAG/CTCCG,6536,4977,3478,8227,4635,5445,2987,5344,1807,6915,89
CGGCA/TGCCG,12549,5871,6387,16128,6283,13954,8958,20425,7328,22282,207
CGGCC/GGCCG,5241,2246,2039,8698,3432,4940,3760,6438,4079,10276,63
CGGGA/TCCCG,6993,3967,3408,9119,5431,7476,2574,7560,3405,9322,101
CGGGC/GCCCG,5469,2518,2339,7160,3280,5849,3608,10753,3760,13483,114
CGGTA/TACCG,5145,6284,4036,5414,5578,5550,10051,13161,3973,16103,108
CGGTC/GACCG,4987,3683,4451,8050,5789,5583,5402,8472,3648,9883,77
CGTAA/TTACG,5961,9896,4805,5471,8114,5801,11205,9758,2860,10861,94
CGTAC/GTACG,3341,5472,3225,3307,4589,2787,5764,6046,348,6964,49
CGTAG/CTACG,2098,4945,2218,2265,3694,1738,6670,5298,938,5946,26
CGTCA/TGACG,8400,7151,7340,11441,8518,7658,10059,12504,4119,15678,142
CGTCC/GGACG,4708,3820,3794,6864,6278,5379,3232,5852,2392,8094,79
CGTGA/TCACG,5763,6367,5809,5609,6999,4890,10648,9619,2884,10025,104
CGTGC/GCACG,4273,4794,3534,4799,4348,5073,6066,8775,2089,8460,93
CGTTA/TAACG,5714,10672,4583,4450,8837,7663,12766,11418,3586,13060,78
CGTTC/GAACG,7540,8832,6357,9773,10865,9633,9983,9878,3102,10243,108
CTAAA/TTTAG,8121,18090,9103,6494,8970,7673,14780,4959,3600,5648,52
CTAAC/GTTAG,2773,6828,2866,1647,5262,3540,10520,4361,1439,4502,37
CTAAG/CTTAG,3297,5995,3377,2055,4060,2061,9693,2022,1249,2120,24
CTACA/TGTAG,4357,9223,4603,3582,5709,2533,7809,4304,1043,4258,33
CTACC/GGTAG,2166,4084,2370,1991,4038,2194,6978,5651,1739,6059,32
CTAGA/TCTAG,1773,5075,3512,1097,3988,1383,7540,290,976,233,6
CTAGC/GCTAG,1398,5172,2709,915,4277,1738,6935,580,1047,626,7
CTATA/TATAG,4954,8026,4087,4122,4110,3883,4686,3040,2674,3935,39
CTATC/GATAG,4614,6654,4571,3809,5224,3925,10196,5877,4822,8010,57
CTCAA/TTGAG,8419,8094,7604,7580,7663,4616,17373,7205,2951,7339,92
CTCAC/GTGAG,4091,4353,5005,3056,5019,2430,8865,5603,1130,5345,90
CTCAG/CTGAG,6149,4854,4258,5351,3942,1664,9866,4902,958,6102,80
CTCCA/TGGAG,6763,8498,6145,6122,8791,6211,5855,6196,1794,6861,74
CTCCC/GGGAG,4941,3897,3252,5751,5712,4874,2788,3798,1242,4552,45
CTCGA/TCGAG,3295,3386,3602,5209,5728,3863,8049,4695,2394,3942,32
CTCGC/GCGAG,3951,3395,3308,5178,5147,4345,7800,7417,2030,8827,63
CTCTA/TAGAG,4067,6718,4791,2876,5801,2562,9732,2745,1737,3283,22
CTCTC/GAGAG,5277,4950,4997,5133,6159,3388,6245,4090,1526,4357,58
CTGAA/TTCAG,16251,14047,11286,16538,8890,6785,17056,15667,6485,14942,205
CTGAC/GTCAG,8251,4971,6003,8077,4291,3489,9672,12706,4514,13048,166
CTGCA/TGCAG,9090,9703,8306,8548,5977,6144,11095,11633,3026,9977,165
CTGCC/GGCAG,9007,5575,6937,9265,5316,6753,7773,14733,5720,14431,177
CTGGA/TCCAG,7490,7184,6715,7115,6744,6321,6679,15747,3777,17088,124
CTGGC/GCCAG,6881,4186,5107,6352,4296,5750,9748,25514,5013,27250,209
CTGTA/TACAG,8216,10738,6667,6511,5812,4040,7848,6689,1998,7461,85
CTGTC/GACAG,9608,5576,7573,9786,6308,5595,7346,6617,4259,8087,112
CTTAA/TTAAG,6866,9971,6166,6179,7199,5552,12024,5899,2633,5996,65
CTTAC/GTAAG,4439,7372,3969,3294,5543,3133,10648,5273,1650,5767,55
CTTCA/TGAAG,17858,20829,16236,18176,15554,10958,22617,12665,6009,11389,152
CTTCC/GGAAG,10930,10562,8546,12732,12005,12536,8292,11036,4392,10986,122
CTTGA/TCAAG,12057,13084,12502,13919,12691,8441,17340,4997,4738,5040,62
CTTGC/GCAAG,8661,10234,8840,8750,9735,10348,13317,7790,4331,7044,71
CTTTA/TAAAG,14264,22188,13136,13248,13045,10703,18030,10584,6529,11608,81
CTTTC/GAAAG,14584,15764,13242,16668,13930,13807,15814,12094,6730,11880,144
GAAAA/TTTTC,31342,35455,26238,33787,25911,32106,18390,18347,12591,19866,219
GAAAC/GTTTC,12547,13557,10195,12130,11667,13406,13396,11522,4893,11022,131
GAACA/TGTTC,11586,13296,10352,11757,11610,10544,14989,10850,4031,10008,130
GAACC/GGTTC,6069,6204,5241,6707,6803,4799,10241,7123,3412,7826,58
GAAGA/TCTTC,16114,21045,15804,17080,14939,13746,18548,12536,6610,11508,127
GAAGC/GCTTC,14997,16919,12828,16650,13791,12994,16690,11573,6501,11550,123
GAATA/TATTC,10980,15637,9824,9953,8685,10015,13029,10122,6584,11395,98
GAATC/GATTC,10656,9859,9462,11201,10579,8429,11632,7246,3233,7671,87
GACAA/TTGTC,11383,9215,10554,12527,10955,11086,11602,8308,4981,8612,72
GACAC/GTGTC,4827,3198,4650,3965,4692,3219,7048,4592,1608,4482,62
GACCA/TGGTC,4600,4757,5647,4881,5923,3946,10842,9786,4387,9816,87
GACCC/GGGTC,2477,2007,2474,3024,3323,1844,3671,3786,2528,4544,40
GACGA/TCGTC,6521,6264,6883,10892,10786,7780,9034,8552,3654,10205,92
GACGC/GCGTC,4826,4225,3731,7068,4222,5338,6482,11656,2502,15933,101
GACTA/TAGTC,2534,4381,2578,2364,3649,2286,5836,2998,1701,3516,29
GACTC/GAGTC,3092,3448,2887,3254,3992,2043,6758,3640,819,3817,61
GAGAA/TTCTC,12350,12802,11468,11569,11915,8954,12579,8431,3552,7850,99
GAGAC/GTCTC,4799,4461,4555,5154,5268,2868,5304,3034,1698,4215,37
GAGCA/TGCTC,8227,9672,8320,8665,10087,6678,12899,8805,2651,8251,122
GAGCC/GGCTC,5545,4468,4322,6594,6209,3810,7493,4369,2505,5051,73
GAGGA/TCCTC,8393,7894,7276,8275,10036,6401,3686,4723,1826,5033,69
GAGGC/GCCTC,5127,4381,4220,6122,5450,3887,4556,4765,3241,6383,84
GAGTA/TACTC,3781,6520,3641,2897,4779,2631,8600,4492,894,4552,49
GATAA/TTATC,13142,17416,10257,10978,10981,12296,17001,15174,8516,16946,146
GATAC/GTATC,7225,8876,6676,6134,6417,5090,10880,7501,3267,9097,90
GATCA/TGATC,11620,7339,11899,13872,12110,7184,11920,9629,6414,8750,60
GATCC/GGATC,6678,4683,5789,7975,7596,5098,5261,7822,3280,7470,53
GATGA/TCATC,15985,15320,16616,18180,16527,14321,17812,15229,6616,14885,177
GATGC/GCATC,9311,8968,9220,10641,7803,9132,12869,14340,5926,14230,169
GATTA/TAATC,9292,12810,7332,7628,9544,8458,11785,9837,5139,10107,95
GCAAA/TTTGC,16333,18145,13461,17135,14873,21268,15938,18199,6860,16424,136
GCAAC/GTTGC,5172,6584,4538,4949,7776,7875,13420,13737,4130,11956,107
GCACA/TGTGC,6494,6029,5930,5476,4583,5687,8137,7855,2090,6636,83
GCACC/GGTGC,5217,4988,5681,4972,5100,4516,9194,11737,3931,9231,104
GCAGA/TCTGC,9812,8924,8972,9650,6124,5818,11068,13287,4358,12384,238
GCAGC/GCTGC,12524,13607,10519,12623,7784,10807,12457,17234,5153,18167,188
GCATA/TATGC,7607,9460,6466,6853,5469,7013,6363,7680,3723,9039,104
GCCAA/TTGGC,9673,8812,8525,9087,9692,13547,17785,11047,8215,11949,85
GCCAC/GTGGC,3604,3622,3468,3439,5696,4234,9505,11637,3161,11075,128
GCCCA/TGGGC,4466,3754,3510,4488,5258,4332,6872,8886,3801,9812,62
GCCCC/GGGGC,3368,2257,2276,4250,4215,3727,2926,5679,3534,6866,56
GCCGA/TCGGC,9791,4210,4751,16262,7111,10101,7971,12504,6354,15671,70
GCCGC/GCGGC,9982,5420,6014,13373,5120,12987,7775,18637,7123,26615,170
GCCTA/TAGGC,3249,4594,3146,2681,3604,2451,6646,2925,2716,3681,23
GCGAA/TTCGC,7893,7764,6495,10385,9742,13181,12310,14643,4179,16556,102
GCGAC/GTCGC,3638,3046,3297,5982,5289,5931,9237,10956,3860,14577,95
GCGCA/TGCGC,4988,4765,3909,6027,3409,8707,7801,16439,3661,19709,107
GCGCC/GGCGC,5924,3169,3475,7910,3433,8469,6793,16773,4320,26120,111
GCGGA/TCCGC,10202,6805,6167,13005,6208,13436,4862,11023,3771,14183,102
GCGTA/TACGC,4318,7359,3691,3971,4316,4171,8445,10701,1786,13446,70
GCTAA/TTAGC,4763,12171,5153,3334,7341,5597,12977,6629,2797,7818,58
GCTAC/GTAGC,3300,7638,3410,2967,5547,2749,8049,6452,1790,7389,38
GCTCA/TGAGC,8533,8884,8336,8347,8947,5426,15037,8485,2348,10058,123
GCTCC/GGAGC,7324,7255,5375,8725,8148,6298,4377,5351,1739,6246,60
GCTGA/TCAGC,17965,13966,12157,18328,8313,8342,16299,17706,6052,18117,208
GCTTA/TAAGC,7333,11540,5661,6075,7564,6369,14324,6916,2859,8280,74
GGAAA/TTTCC,16721,17631,12445,18951,16218,22387,8723,12874,6930,14837,160
GGAAC/GTTCC,7442,7749,5796,8094,8532,8827,6311,8295,2788,8557,96
GGACA/TGTCC,7114,5133,6287,7528,6767,5792,4219,4503,3268,6088,81
GGACC/GGTCC,2645,2715,2788,3165,3406,2328,1860,2917,406,2812,35
GGAGA/TCTCC,8745,9457,7524,8923,9182,7278,4589,6288,1948,7308,71
GGATA/TATCC,8472,8668,6341,7628,6805,7864,7273,8560,5715,11424,107
GGCAA/TTGCC,10258,8105,7638,11357,9903,14550,12148,17766,7909,16251,139
GGCAC/GTGCC,5357,3646,4323,4407,3974,4794,6938,9452,3943,7444,85
GGCCA/TGGCC,4539,2738,2401,5275,4377,4268,6182,7050,4470,9826,95
GGCCC/GGGCC,2683,1379,1137,3276,2468,2242,2286,4207,1101,5220,38
GGCGA/TCGCC,7023,4314,5004,10906,8253,10738,11028,18664,6017,24050,124
GGCTA/TAGCC,3935,5987,3653,3765,5504,3415,8114,5675,4002,7045,44
GGGAA/TTCCC,8784,8050,6446,10385,9689,10474,5552,7905,3894,9083,106
GGGAC/GTCCC,3336,2626,2690,3849,4327,2951,1997,2733,1663,3944,38
GGGCA/TGCCC,5329,3858,4132,5496,5359,5401,5360,9085,4951,8957,105
GGGGA/TCCCC,5068,4151,3679,6378,6994,6177,2764,5315,2286,6370,83
GGGTA/TACCC,2928,3918,2559,2638,3676,2360,6483,6708,2636,6992,55
GGTAA/TTACC,5269,8232,4475,4385,6414,5096,14370,12766,4970,13432,110
GGTAC/GTACC,2800,4532,3318,2658,3811,1978,6731,6081,579,6840,58
GGTCA/TGACC,6069,5193,6983,6933,6767,4252,10050,11002,5459,11150,119
GGTGA/TCACC,7831,7475,8045,7377,8445,6162,15258,14746,4340,12988,168
GGTTA/TAACC,4628,7180,3482,3824,6097,4367,12526,9774,3952,9365,87
GTAAA/TTTAC,11469,20645,10343,9344,12245,9689,15416,12396,4748,13675,109
GTAAC/GTTAC,4040,7384,3016,2877,5635,3691,11248,8324,2619,7761,75
GTACA/TGTAC,4757,7811,5089,4263,4749,3231,6747,4832,299,5060,55
GTAGA/TCTAC,3803,9472,5090,3141,5748,2700,8900,4512,1273,4620,26
GTATA/TATAC,6055,9863,5174,5368,5017,5530,4245,3278,1427,4317,42
GTCAA/TTGAC,9092,8567,8641,11630,9051,8042,9099,6625,4280,7926,62
GTCAC/GTGAC,5451,4614,6171,4665,6038,4084,9960,7806,2573,7640,81
GTCCA/TGGAC,4894,5638,5851,5422,6758,5049,5228,5166,1970,6071,58
GTCGA/TCGAC,3425,3251,4019,6687,5752,5529,9741,7641,3631,7252,54
GTCTA/TAGAC,3277,5467,4097,2954,3960,2068,6696,2007,1493,2577,15
GTGAA/TTCAC,11091,13850,11155,9832,10726,8689,15777,12504,3739,10928,131
GTGCA/TGCAC,4588,6188,5677,4347,4479,4582,8019,7202,1747,5178,88
GTGGA/TCCAC,4643,6935,5366,4512,8890,6303,6307,7732,1674,7799,92
GTGTA/TACAC,4920,7385,5366,3567,4986,3141,7223,4202,705,4111,41
GTTAA/TTAAC,7501,14409,6283,6077,9220,8254,13272,9902,3107,10026,80
GTTCA/TGAAC,10702,13201,9839,11607,11324,8197,16874,11326,3342,10702,134
GTTGA/TCAAC,8543,9817,7580,9248,10080,7323,19460,12317,4256,10987,104
GTTTA/TAAAC,9924,14688,8222,9132,9746,9279,14703,9929,3017,10383,83
TAAAA/TTTTA,23283,45766,21170,21916,21013,22559,18368,13388,10608,16215,150
TAACA/TGTTA,7626,14101,6252,5333,7990,7754,11544,7487,3338,7089,85
TAAGA/TCTTA,6700,10345,6517,5276,6303,4724,10988,4106,2934,4364,33
TAATA/TATTA,9558,20265,8357,7031,8313,9524,11107,7765,4708,9408,84
TACAA/TTGTA,9200,16942,8420,7637,9126,7082,11249,5369,2008,5133,56
TACCA/TGGTA,4257,7272,4860,3370,5566,3862,12891,8373,2983,8449,70
TACGA/TCGTA,5395,8634,5539,5748,8576,5392,9344,4812,1601,5261,53
TACTA/TAGTA,2796,8994,3124,2079,4208,2753,6487,2350,894,2647,30
TAGAA/TTCTA,7475,16076,8878,5300,8250,6013,13090,3517,3683,3538,39
TAGCA/TGCTA,3774,10837,4733,2542,6071,4104,9210,4199,2157,4129,41
TAGGA/TCCTA,3704,8078,3987,2784,5346,3532,4685,1178,1469,1394,20
TATAA/TTATA,9452,15159,7216,7689,6857,8812,6777,4865,3943,5916,54
TATCA/TGATA,13287,15473,11658,10372,8832,8905,15265,10830,6837,11616,124
TATGA/TCATA,12137,15885,11577,10905,10848,9807,8823,6520,4080,7295,103
TCAAA/TTTGA,20079,22841,19946,21243,15681,13182,21747,10664,8522,10756,126
TCACA/TGTGA,8579,8097,10212,7257,7615,5407,10345,5780,2232,5437,67
TCAGA/TCTGA,10047,6911,7480,9133,5585,3421,11954,8436,5019,8866,121
TCCAA/TTGGA,9374,13752,9270,9289,10905,11691,11478,2735,4691,2869,40
TCCCA/TGGGA,5557,5970,5117,5098,6940,5863,5922,5281,3082,5626,60
TCCGA/TCGGA,7466,4751,4378,9750,7478,7104,3977,3899,3800,4296,49
TCGAA/TTCGA,5898,6967,6109,8565,8522,7832,11468,6535,4161,5861,53
TCGCA/TGCGA,6016,5370,6256,7012,6995,7296,10414,7879,2958,7537,82
TCTAA/TTAGA,6640,12522,7761,4309,7220,5170,12621,2415,2514,2393,35
TCTCA/TGAGA,7985,7202,8155,6969,6788,3831,10673,5162,2086,5199,60
TGAAA/TTTCA,24995,29261,23162,26142,19269,19744,21146,16924,9585,16213,187
TGACA/TGTCA,12496,7965,11549,11817,9091,8494,9438,7350,4034,6820,103
TGCAA/TTGCA,8830,11498,9143,8203,8624,9983,11543,9264,3366,7231,103
TGCCA/TGGCA,8658,7587,8853,6564,8074,10260,13906,16949,6806,12250,144
TGGAA/TTCCA,11783,15858,11140,11399,13878,16090,11897,12114,5305,11739,118
TGTAA/TTACA,9683,15779,7966,7308,9075,6380,10243,6196,2842,6259,67
TTAAA/TTTAA,15715,28990,14898,16463,15534,14264,15901,10033,6048,10724,94
TTCAA/TTGAA,20634,27005,20495,22081,19453,15623,26422,10912,7536,10237,106
