,Slope,Intercept,Pearson's r,Pearson's pvalue,Reg. std error
AGCTG/CAGCT,487004.59,-982.13,0.91,0.0,73632.91
AGCAT/ATGCT,935392.74,-2451.41,0.87,0.0,172803.16
CTTTA/TAAAG,322665.64,-671.51,0.76,0.01,90634.05
TGTAA/TTACA,450543.24,-496.86,0.76,0.01,126868.72
AAAGA/TCTTT,150680.72,-283.35,0.74,0.01,45543.46
GTATA/TATAC,584225.18,-252.31,0.74,0.01,175764.9
TTAAA/TTTAA,219160.02,-401.52,0.73,0.01,69129.9
TATAA/TTATA,311994.53,-166.46,0.72,0.01,101074.35
AGAAG/CTTCT,216454.56,-183.71,0.72,0.01,69176.56
AGAAA/TTTCT,188599.2,-461.88,0.72,0.01,61244.13
ATTCA/TGAAT,409248.73,-1119.54,0.72,0.01,133066.65
AGATG/CATCT,491710.01,-830.94,0.71,0.02,164299.19
AATCA/TGATT,438271.61,-1561.49,0.71,0.01,142985.53
ATAAA/TTTAT,164002.99,-485.01,0.7,0.02,55149.68
ATATA/TATAT,372869.22,-216.16,0.69,0.02,129678.75
ATACA/TGTAT,321380.94,-147.42,0.69,0.02,111177.71
AAGAA/TTCTT,130098.66,-117.2,0.69,0.02,45567.21
GAAGA/TCTTC,291382.58,-745.89,0.68,0.02,105459.01
ATTTA/TAAAT,270013.84,-579.86,0.68,0.02,96808.98
AAAGT/ACTTT,357165.55,-565.36,0.68,0.02,128843.97
ACATA/TATGT,478806.95,-375.6,0.68,0.02,171563.14
AAAAG/CTTTT,90829.42,-27.16,0.68,0.02,32234.46
TAAAA/TTTTA,107991.98,-133.71,0.67,0.02,39804.48
TGAAA/TTTCA,191899.02,-629.55,0.67,0.02,71366.0
AAGCA/TGCTT,217661.7,-242.61,0.67,0.03,81066.19
ACAAA/TTTGT,240822.35,-446.86,0.67,0.02,88422.74
ATAAG/CTTAT,534881.62,-754.15,0.66,0.03,204295.33
TATGA/TCATA,318049.07,-350.42,0.66,0.03,119563.81
AAGCT/AGCTT,236465.16,-70.55,0.66,0.03,89605.06
TCAAA/TTTGA,179629.58,-236.23,0.65,0.03,69102.42
ATGAA/TTCAT,173263.7,-314.01,0.65,0.03,68360.81
ATTAA/TTAAT,304843.68,-544.45,0.64,0.03,122221.0
TTCAA/TTGAA,146516.92,-120.8,0.64,0.04,59103.54
AAATG/CATTT,172541.16,-243.67,0.64,0.04,69782.44
CTGTA/TACAG,517099.23,-406.87,0.64,0.04,208973.69
TACAA/TTGTA,287989.33,-41.26,0.64,0.03,115989.8
ACAAT/ATTGT,416953.28,-664.2,0.63,0.04,169668.8
AGTAT/ATACT,565994.63,-393.88,0.62,0.04,239337.06
AAGAG/CTCTT,324849.88,-409.72,0.62,0.04,137261.42
ATTTG/CAAAT,227994.83,-276.3,0.61,0.05,98535.3
GTAAA/TTTAC,349856.52,-648.95,0.61,0.05,152904.54
TAGAA/TTCTA,244367.39,124.72,0.61,0.05,106538.67
AATTG/CAATT,278710.42,-263.81,0.6,0.05,123407.36
AACAG/CTGTT,618665.8,-1962.32,0.6,0.05,273854.2
TAAGA/TCTTA,376642.96,-27.83,0.6,0.05,167684.8
CTAAA/TTTAG,258108.74,-12.53,0.6,0.05,115936.02
CTATA/TATAG,624726.14,-263.3,0.6,0.05,276277.34
ATATG/CATAT,314694.08,-246.42,0.6,0.05,141555.29
AATGA/TCATT,189889.44,-272.89,0.59,0.06,86903.96
ATAGA/TCTAT,395998.43,-213.1,0.58,0.06,186031.85
AATAC/GTATT,429636.46,-659.79,0.58,0.06,199524.86
GAGAA/TTCTC,327132.85,-341.0,0.58,0.06,155056.11
AAGTA/TACTT,233208.4,165.11,0.58,0.06,110467.29
TCACA/TGTGA,362134.95,-94.28,0.57,0.07,175574.87
AAACA/TGTTT,172837.01,-238.22,0.57,0.07,82707.13
ATGTA/TACAT,278369.66,84.96,0.56,0.08,138462.41
CTTCA/TGAAG,218252.69,-404.28,0.56,0.07,106327.79
GTGTA/TACAC,517212.64,-4.01,0.56,0.07,256503.68
AAATA/TATTT,154429.09,-290.01,0.56,0.08,76917.81
TCTCA/TGAGA,391849.8,-48.37,0.55,0.08,196330.47
ACAGA/TCTGT,522137.57,-651.87,0.55,0.08,261501.58
CTACA/TGTAG,429982.45,109.11,0.55,0.08,220138.73
ATTGA/TCAAT,267308.16,-589.28,0.55,0.08,135583.9
AAAAA/TTTTT,74690.99,15.16,0.54,0.09,39041.6
AATAA/TTATT,167561.28,-340.36,0.54,0.08,86431.23
AAGAT/ATCTT,282159.89,-414.71,0.54,0.09,147974.95
TCTAA/TTAGA,252125.64,193.7,0.53,0.09,132925.07
ATTTC/GAAAT,220396.03,-404.39,0.53,0.1,119034.92
AGACA/TGTCT,435330.11,-217.0,0.52,0.1,238368.77
AGCAG/CTGCT,272611.44,-334.26,0.52,0.1,148028.86
AATCT/AGATT,499841.92,-746.36,0.52,0.1,276526.93
GTAGA/TCTAC,343906.32,224.13,0.52,0.1,187866.92
AGAAT/ATTCT,386877.23,-553.82,0.52,0.1,209392.01
ACAAG/CTTGT,218646.67,158.27,0.51,0.11,124102.19
ATCAT/ATGAT,223835.15,-351.39,0.51,0.11,124399.48
GTCTA/TAGAC,510229.12,206.04,0.51,0.11,288759.72
TATCA/TGATA,367662.21,-720.21,0.5,0.12,211567.06
CAAAA/TTTTG,113542.14,-73.88,0.5,0.12,66277.51
CATAA/TTATG,417529.73,-728.07,0.5,0.12,243805.7
GTACA/TGTAC,431971.98,113.16,0.5,0.11,247441.84
ACAGC/GCTGT,337095.16,-525.12,0.49,0.12,199117.03
AATTC/GAATT,290584.31,-267.68,0.49,0.12,170896.67
AGAGA/TCTCT,401030.33,-263.73,0.49,0.13,238476.52
AATAG/CTATT,274373.54,-14.6,0.48,0.13,166824.81
TAACA/TGTTA,375891.25,-256.59,0.48,0.13,227754.44
AGCTC/GAGCT,302172.41,52.92,0.47,0.14,187822.66
AAAAT/ATTTT,76325.7,47.81,0.47,0.15,47838.82
GAAGC/GCTTC,261022.3,-477.74,0.46,0.16,168995.07
AAATT/AATTT,152646.3,-48.76,0.46,0.16,98971.72
AAAGG/CCTTT,144869.55,89.75,0.45,0.16,95429.51
AAAGC/GCTTT,137120.78,-105.72,0.45,0.16,90073.5
CACAA/TTGTG,414802.25,-287.55,0.45,0.17,277545.88
GAATA/TATTC,336043.02,-476.75,0.45,0.16,220746.09
AAATC/GATTT,184976.72,-277.64,0.44,0.18,126131.62
AGGAA/TTCCT,177153.71,98.71,0.44,0.18,121077.27
TAGGA/TCCTA,321181.8,356.73,0.44,0.18,220041.52
AATTA/TAATT,211334.77,-21.99,0.44,0.18,144375.11
GAAAA/TTTTC,73563.74,100.43,0.43,0.18,50899.48
AAGAC/GTCTT,307680.8,-76.01,0.43,0.19,218387.65
AAGGA/TCCTT,122137.94,327.05,0.43,0.19,86493.51
AACAA/TTGTT,138772.03,50.21,0.43,0.18,96667.21
TAATA/TATTA,187840.5,38.52,0.42,0.2,136684.32
AAAAC/GTTTT,159614.28,-320.47,0.42,0.2,115419.76
ACTTC/GAAGT,293661.85,-106.12,0.41,0.21,219792.02
ATTAG/CTAAT,300212.34,154.52,0.41,0.21,222359.79
ACTAG/CTAGT,363534.36,543.07,0.4,0.23,280669.35
GGAGA/TCTCC,266858.15,130.83,0.4,0.22,201086.7
AATAT/ATATT,181774.85,-102.39,0.4,0.22,139023.15
AGGAG/CTCCT,190688.72,359.66,0.4,0.22,144838.66
AAGTG/CACTT,204346.06,194.3,0.39,0.24,163246.3
CTTGA/TCAAG,138682.55,273.61,0.39,0.23,108931.33
ATCAA/TTGAT,140279.7,-78.91,0.38,0.25,112869.14
AGACT/AGTCT,643588.31,-115.37,0.38,0.25,517452.54
ATCTC/GAGAT,507302.67,-487.77,0.38,0.25,416042.41
AGCTA/TAGCT,204389.86,426.89,0.38,0.25,164531.3
AAACT/AGTTT,299580.7,-165.91,0.38,0.26,246793.18
CATTA/TAATG,389356.62,-636.97,0.37,0.26,327194.4
CAAGA/TCTTG,152896.72,283.99,0.37,0.27,128659.47
ATGTG/CACAT,334999.6,35.26,0.36,0.27,287360.76
ACTTG/CAAGT,161903.5,423.9,0.36,0.27,139006.84
TCCAA/TTGGA,127917.63,402.13,0.35,0.29,114409.84
AGGAT/ATCCT,281085.21,40.75,0.34,0.31,258642.32
CCTAA/TTAGG,270377.57,386.16,0.34,0.31,249893.43
ACATG/CATGT,377897.14,-12.21,0.33,0.32,356504.99
AATGG/CCATT,211879.73,-125.73,0.33,0.32,199446.0
ATCTA/TAGAT,186115.26,402.38,0.33,0.33,179116.21
CTCTA/TAGAG,238301.01,432.21,0.33,0.32,226413.95
CATGA/TCATG,293998.02,-86.54,0.32,0.34,291215.38
ATAAT/ATTAT,139697.06,106.79,0.32,0.33,135836.38
ACACA/TGTGT,274842.66,319.91,0.31,0.35,281151.97
ATGAG/CTCAT,194372.51,233.07,0.31,0.35,198498.96
ACGTA/TACGT,231845.04,434.02,0.31,0.35,235475.79
CTTAA/TTAAG,297489.23,66.99,0.3,0.38,320061.15
GTTTA/TAAAC,243263.61,-47.75,0.3,0.37,257615.4
TGACA/TGTCA,149191.78,307.32,0.29,0.38,161082.23
AGTAA/TTACT,165160.08,349.64,0.29,0.38,179901.59
CATAC/GTATG,254170.06,222.36,0.29,0.39,279033.52
TACTA/TAGTA,197232.58,507.91,0.29,0.39,218702.89
AGAGG/CCTCT,235336.64,298.77,0.28,0.4,264460.3
AGATA/TATCT,189286.67,209.68,0.28,0.4,216005.34
TAGCA/TGCTA,193649.39,428.28,0.28,0.4,219465.19
GAGGA/TCCTC,147038.29,450.63,0.27,0.42,174371.44
AGTAG/CTACT,171335.38,524.67,0.27,0.42,203194.99
GTGAA/TTCAC,218022.36,-43.22,0.27,0.43,263054.27
CTTTC/GAAAG,190086.23,-116.59,0.27,0.42,224302.59
ATTCC/GGAAT,153173.1,257.01,0.27,0.41,179076.71
AACTT/AAGTT,135269.12,370.57,0.26,0.44,166533.85
CCTAC/GTAGG,328047.71,450.18,0.26,0.44,402524.23
AACTA/TAGTT,181248.7,475.35,0.25,0.45,230185.56
AATGT/ACATT,151481.49,253.91,0.25,0.45,192802.89
ACTTA/TAAGT,149539.91,506.0,0.24,0.48,203805.72
AGCAA/TTGCT,109251.61,270.21,0.24,0.48,148564.48
AAGTC/GACTT,264559.76,167.64,0.24,0.48,362028.12
CAAGC/GCTTG,90603.45,422.81,0.24,0.48,122572.58
GTCAA/TTGAC,154267.29,347.88,0.24,0.48,207100.13
AGTGA/TCACT,156218.23,381.47,0.24,0.47,208411.71
GAGAC/GTCTC,347551.14,286.08,0.23,0.5,491902.08
ATACG/CGTAT,232916.08,167.52,0.23,0.49,323353.54
GTTAA/TTAAC,152257.46,330.7,0.22,0.52,226280.55
CATTC/GAATG,145863.38,260.95,0.22,0.51,212640.99
GAATC/GATTC,154972.52,302.19,0.22,0.52,231241.74
CTCCA/TGGAG,197267.18,350.72,0.21,0.54,313544.81
CAAAC/GTTTG,119797.77,326.35,0.21,0.53,184945.19
ACCTA/TAGGT,142243.67,611.21,0.2,0.56,234211.59
GCTTA/TAAGC,145814.23,413.32,0.2,0.55,232695.35
AGGAC/GTCCT,219037.99,475.16,0.2,0.55,352065.33
ATATC/GATAT,129548.86,316.67,0.2,0.56,215973.76
AGAGC/GCTCT,155652.86,381.84,0.2,0.56,257376.28
ATAGG/CCTAT,200909.76,462.44,0.2,0.55,322681.51
CAAAG/CTTTG,92044.31,405.7,0.2,0.56,151293.74
GTTCA/TGAAC,157347.7,209.85,0.19,0.58,271240.98
AGTTA/TAACT,121179.96,540.81,0.18,0.59,219185.83
CTAGC/GCTAG,135515.43,670.38,0.18,0.6,250522.26
AGTCA/TGACT,220168.22,324.48,0.18,0.6,402277.86
AACAT/ATGTT,117838.81,339.21,0.17,0.61,224105.59
GCTCC/GGAGC,122876.0,522.92,0.17,0.61,233340.64
GACAA/TTGTC,100916.17,442.54,0.17,0.61,192411.59
GCATA/TATGC,204893.31,272.29,0.17,0.61,385013.8
ACACT/AGTGT,158427.64,545.05,0.16,0.64,329858.7
ATGGA/TCCAT,74750.42,509.65,0.16,0.64,156420.34
GAACA/TGTTC,157192.33,192.4,0.15,0.66,340360.84
CAATA/TATTG,101374.78,364.63,0.14,0.68,236427.88
TACGA/TCGTA,118366.96,544.48,0.14,0.68,274290.36
CTTGC/GCAAG,90320.21,510.73,0.14,0.69,219143.58
ACTAA/TTAGT,82893.4,635.72,0.14,0.68,197727.8
AGAAC/GTTCT,127618.46,425.07,0.13,0.71,335714.62
CTCTC/GAGAG,164567.36,513.58,0.13,0.71,422520.59
GATTA/TAATC,163790.67,248.86,0.12,0.72,441283.08
AGATC/GATCT,93025.01,579.26,0.11,0.74,276792.71
CCTTC/GAAGG,92066.54,469.79,0.11,0.74,272783.27
TGCAA/TTGCA,88252.89,509.02,0.1,0.76,282987.1
CTGAA/TTCAG,31541.83,638.01,0.08,0.82,132534.72
CATAG/CTATG,123974.07,569.39,0.08,0.81,491903.44
CTAGA/TCTAG,52126.17,733.1,0.08,0.81,211427.78
GATCA/TGATC,30138.5,678.65,0.07,0.83,137418.93
GATAC/GTATC,100068.55,538.07,0.07,0.83,464331.09
CTCAA/TTGAG,38052.87,683.27,0.07,0.85,192936.57
CAATC/GATTG,36883.7,643.4,0.06,0.87,220011.53
AGGTA/TACCT,52028.21,692.26,0.06,0.86,293187.97
CTAAG/CTTAG,33615.62,740.57,0.05,0.89,234333.17
ATCCA/TGGAT,55462.06,595.38,0.05,0.89,374244.66
CACAG/CTGTG,58534.75,678.61,0.05,0.89,395996.39
ATGTC/GACAT,43694.06,664.89,0.05,0.89,299659.48
ACGAA/TTCGT,34489.24,675.15,0.05,0.87,209583.89
CCATA/TATGG,49484.56,656.98,0.05,0.89,350603.85
TGGAA/TTCCA,19116.78,704.31,0.04,0.92,177765.5
CTTAC/GTAAG,37790.21,719.56,0.04,0.9,283772.87
AAGGT/ACCTT,23963.34,715.51,0.04,0.92,221072.51
CCAAA/TTTGG,16872.31,718.27,0.04,0.9,135582.77
GCTAA/TTAGC,21275.31,733.57,0.03,0.92,206851.73
GCAAA/TTTGC,13426.45,711.25,0.03,0.92,129168.69
GCTGA/TCAGC,8458.71,741.16,0.03,0.93,98485.94
CTCAG/CTGAG,14222.0,760.82,0.02,0.95,239425.76
GCCTA/TAGGC,27496.19,750.57,0.02,0.94,385506.49
GATGA/TCATC,12752.32,715.98,0.02,0.95,199085.67
CTGTC/GACAG,11721.73,753.77,0.02,0.96,222951.36
GAGTA/TACTC,9298.92,770.88,0.01,0.98,301639.85
CAAGG/CCTTG,5765.21,770.36,0.01,0.97,159343.57
CCCTA/TAGGG,24475.67,762.6,0.01,0.97,575980.49
AGGCA/TGCCT,9331.76,760.67,0.01,0.98,296620.25
ACTCT/AGAGT,7834.17,771.92,0.01,0.98,291535.5
GCTCA/TGAGC,308.11,783.84,0.0,1.0,210418.48
GGACA/TGTCC,-4312.49,793.54,-0.0,0.99,310054.51
GGAAA/TTTCC,-3329.8,802.29,-0.01,0.97,95213.95
CCTTA/TAAGG,-20356.09,821.44,-0.01,0.97,515859.01
ACTAT/ATAGT,-6453.56,796.94,-0.01,0.98,313102.31
AGCCT/AGGCT,-5779.18,799.23,-0.01,0.98,196111.34
ACAGT/ACTGT,-6070.4,797.09,-0.01,0.98,258957.85
CCTAG/CTAGG,-22126.86,798.85,-0.02,0.95,316631.05
AACCT/AGGTT,-14736.25,818.18,-0.02,0.96,278110.71
ATCAG/CTGAT,-8759.37,821.45,-0.02,0.95,134812.88
AGTCC/GGACT,-24910.66,815.57,-0.02,0.96,501118.9
AGGTG/CACCT,-14687.26,819.16,-0.02,0.96,263464.39
ATAGC/GCTAT,-15103.01,823.22,-0.03,0.93,178300.58
AGGGA/TCCCT,-25370.15,833.37,-0.03,0.94,302942.94
TCCGA/TCGGA,-18308.64,822.09,-0.03,0.92,177937.51
AGTAC/GTACT,-24837.44,818.29,-0.03,0.92,253638.91
CAATG/CATTG,-32534.94,911.78,-0.04,0.9,248309.71
AATGC/GCATT,-42586.34,948.93,-0.04,0.91,376481.95
ACATC/GATGT,-51755.72,950.05,-0.04,0.91,422340.91
GAAAC/GTTTC,-44516.55,962.53,-0.05,0.88,295487.14
ATGAC/GTCAT,-38616.21,921.56,-0.05,0.89,280959.67
ATTAC/GTAAT,-39358.44,899.68,-0.05,0.89,273249.63
GAGCA/TGCTC,-44275.49,913.36,-0.05,0.88,281475.27
GTCCA/TGGAC,-81525.18,932.71,-0.06,0.86,453966.09
AGTTG/CAACT,-42728.03,880.19,-0.06,0.87,249593.09
CCAAG/CTTGG,-26191.29,848.07,-0.06,0.85,138985.59
AAACG/CGTTT,-25628.84,917.89,-0.06,0.85,134991.14
ACGTG/CACGT,-75933.04,892.72,-0.07,0.84,363974.11
ACTCA/TGAGT,-40156.24,859.74,-0.07,0.84,188253.67
AATCC/GGATT,-57959.07,983.52,-0.08,0.81,237487.52
CATCA/TGATG,-45899.88,1025.98,-0.08,0.82,196984.95
AAGGG/CCCTT,-50904.53,909.2,-0.08,0.82,217680.61
CACTA/TAGTG,-84875.66,895.59,-0.08,0.81,340459.58
CCTCC/GGAGG,-47323.07,870.27,-0.08,0.82,203663.86
AGCAC/GTGCT,-56014.6,924.07,-0.08,0.81,224248.51
CCTCA/TGAGG,-91633.93,948.96,-0.09,0.8,355929.68
ATGCA/TGCAT,-51883.64,927.53,-0.1,0.78,176952.7
ACGAG/CTCGT,-81771.65,924.64,-0.1,0.76,261089.14
ACTGA/TCAGT,-60743.51,931.42,-0.1,0.76,191865.57
ACCTC/GAGGT,-152803.95,1018.83,-0.11,0.75,470607.22
TCAGA/TCTGA,-58953.71,955.09,-0.11,0.74,175493.23
CGTAG/CTACG,-98921.48,899.65,-0.11,0.75,297403.26
GCACA/TGTGC,-120124.29,1036.65,-0.11,0.74,352924.8
ATTGG/CCAAT,-61731.32,1002.53,-0.12,0.72,168294.86
AAGCC/GGCTT,-43989.19,956.09,-0.12,0.74,126511.39
AACGA/TCGTT,-53945.5,983.67,-0.12,0.73,152363.75
GTGCA/TGCAC,-115100.22,1001.39,-0.12,0.73,326324.72
CGTAC/GTACG,-112038.51,944.67,-0.13,0.69,274266.14
AGTTC/GAACT,-92648.91,1002.99,-0.13,0.7,233008.87
CAGCA/TGCTG,-35366.02,977.98,-0.13,0.71,91116.66
CACTC/GAGTG,-117710.0,961.43,-0.13,0.71,309920.35
GATCC/GGATC,-115054.26,1031.52,-0.14,0.67,264690.75
CTGCA/TGCAG,-58050.62,968.48,-0.14,0.68,137958.38
AACAC/GTGTT,-114725.82,1068.01,-0.15,0.66,248507.59
CAGGA/TCCTG,-70123.95,1002.09,-0.15,0.67,157451.45
AGACC/GGTCT,-191569.37,1095.54,-0.15,0.66,414869.72
AGTGC/GCACT,-101937.02,977.37,-0.16,0.63,207185.19
GATAA/TTATC,-91871.32,1228.55,-0.16,0.65,194504.16
ACTCC/GGAGT,-194806.08,1062.34,-0.16,0.63,393946.59
ACCAA/TTGGT,-50484.87,944.88,-0.16,0.64,104317.33
GGACC/GGTCC,-182234.41,969.6,-0.17,0.62,350125.11
AAGCG/CGCTT,-63585.25,1101.61,-0.17,0.62,122423.91
AAGGC/GCCTT,-59683.8,999.93,-0.18,0.6,108782.12
ATCTG/CAGAT,-89851.93,1075.36,-0.18,0.6,164457.34
ACTGC/GCAGT,-107176.36,1041.83,-0.19,0.57,182387.88
CATGC/GCATG,-324464.65,1562.89,-0.19,0.57,556491.79
AATCG/CGATT,-76854.02,1118.53,-0.19,0.58,133631.62
GCTAC/GTAGC,-156133.82,1057.89,-0.19,0.57,266168.88
CAGAA/TTCTG,-73049.29,1097.85,-0.19,0.57,125512.84
CTCCC/GGGAG,-202058.9,1087.04,-0.19,0.57,346349.8
CCCAA/TTGGG,-113927.9,1009.16,-0.19,0.57,192073.06
GACAC/GTGTC,-273169.29,1185.75,-0.19,0.58,474740.4
ACAGG/CCTGT,-133004.63,1149.71,-0.2,0.55,214316.69
CGGAG/CTCCG,-122489.89,1022.48,-0.2,0.55,197079.06
CTAAC/GTTAG,-145593.35,1009.65,-0.2,0.55,235871.3
CAGTA/TACTG,-96269.52,994.09,-0.2,0.56,159232.83
CAGTC/GACTG,-199152.72,1161.32,-0.2,0.55,323741.55
ACGAT/ATCGT,-138123.09,1267.78,-0.21,0.53,211536.64
GACTA/TAGTC,-405927.17,1240.81,-0.21,0.53,622886.6
AACGT/ACGTT,-125506.12,1098.01,-0.21,0.53,192506.42
ATCAC/GTGAT,-150844.52,1289.89,-0.21,0.53,229704.14
ACACC/GGTGT,-203206.33,1218.69,-0.23,0.49,285592.61
GGATA/TATCC,-161315.94,1243.07,-0.23,0.5,228488.86
TACCA/TGGTA,-153222.16,1109.92,-0.23,0.5,218175.41
ATAAC/GTTAT,-153440.64,1262.8,-0.23,0.49,211564.11
CTATC/GATAG,-161078.05,1116.58,-0.23,0.5,230170.12
GCAGC/GCTGC,-77813.15,1152.11,-0.24,0.48,106382.22
ACAAC/GTTGT,-207020.57,1337.58,-0.24,0.48,279636.04
AACTG/CAGTT,-127759.74,1185.49,-0.25,0.46,164301.53
CAACA/TGTTG,-133398.89,1261.59,-0.25,0.46,172258.87
TCCCA/TGGGA,-399968.56,1560.47,-0.25,0.46,521591.67
GGTAC/GTACC,-204945.52,1066.49,-0.25,0.46,264301.72
AACTC/GAGTT,-157710.74,1111.65,-0.25,0.46,204142.65
GCGTA/TACGC,-121219.38,1041.1,-0.26,0.44,151098.07
CGTAA/TTACG,-210194.14,1321.09,-0.27,0.42,249818.2
ACGGA/TCCGT,-137483.5,1158.82,-0.27,0.43,165980.59
ACCTG/CAGGT,-123115.21,1089.6,-0.27,0.42,146668.3
CACAC/GTGTG,-152460.33,1011.86,-0.27,0.42,182186.57
AGGTC/GACCT,-260650.31,1216.89,-0.27,0.42,306263.91
ACCCT/AGGGT,-575266.39,1563.73,-0.28,0.41,659974.63
GAGCC/GGCTC,-329707.37,1380.63,-0.28,0.4,371620.16
AGCCG/CGGCT,-112438.08,1185.77,-0.28,0.41,129799.22
GCAGA/TCTGC,-75496.35,1055.88,-0.28,0.41,86884.87
CTCAC/GTGAG,-156846.46,1051.35,-0.28,0.4,176311.93
CCCTC/GAGGG,-414519.76,1289.5,-0.28,0.41,483002.41
ACTAC/GTAGT,-211594.68,1054.82,-0.29,0.38,231313.39
GGGAC/GTCCC,-481931.55,1310.71,-0.29,0.39,536659.81
CAGAG/CTCTG,-164600.39,1131.2,-0.29,0.38,177795.81
CACTG/CAGTG,-120343.64,1049.92,-0.29,0.39,134389.4
GAACC/GGTTC,-364670.92,1583.05,-0.3,0.36,381710.12
CCGAA/TTCGG,-134531.25,1165.18,-0.3,0.36,140957.29
ACACG/CGTGT,-354199.15,1333.55,-0.3,0.37,377151.75
GCGGA/TCCGC,-98756.36,1118.39,-0.3,0.38,106170.46
CGGAA/TTCCG,-90795.66,1150.07,-0.31,0.35,91416.32
AGCGG/CCGCT,-129091.61,1296.68,-0.31,0.36,132825.4
CCTGC/GCAGG,-100655.51,1124.18,-0.32,0.33,97920.42
CCAGG/CCTGG,-113223.56,975.78,-0.32,0.33,110757.67
GTAAC/GTTAC,-219519.38,1221.79,-0.32,0.34,219458.08
CGTTA/TAACG,-179930.81,1286.57,-0.33,0.32,169996.93
AAACC/GGTTT,-317415.47,2027.85,-0.33,0.32,304273.88
GGAAC/GTTCC,-314671.89,1587.52,-0.33,0.32,297211.89
GGGAA/TTCCC,-208954.52,1391.91,-0.33,0.32,197667.98
GTTGA/TCAAC,-202418.15,1473.14,-0.34,0.31,188245.54
CGCTA/TAGCG,-205311.01,1192.99,-0.34,0.3,188097.55
GACTC/GAGTC,-342133.82,1196.54,-0.34,0.3,312996.71
AGTGG/CCACT,-294512.13,1318.65,-0.35,0.29,263287.73
GGCTA/TAGCC,-317760.73,1362.26,-0.35,0.29,284168.1
CAGGC/GCCTG,-90032.0,1097.28,-0.35,0.29,79221.89
ATACC/GGTAT,-224644.26,1353.88,-0.35,0.3,202689.64
AGACG/CGTCT,-376375.23,1696.11,-0.35,0.29,335146.94
ACTCG/CGAGT,-320914.47,1210.03,-0.36,0.28,276809.97
CCTGA/TCAGG,-122153.47,1181.87,-0.36,0.28,105525.51
CAGCC/GGCTG,-101991.02,1189.75,-0.36,0.27,87603.06
CTGGA/TCCAG,-126159.1,1177.04,-0.37,0.26,105757.78
CTACC/GGTAG,-386399.9,1267.51,-0.37,0.26,319241.18
GTGGA/TCCAC,-270226.85,1362.44,-0.37,0.26,224981.16
ATCGG/CCGAT,-141351.1,1286.87,-0.38,0.24,113330.97
ATTCG/CGAAT,-419039.78,2000.85,-0.38,0.24,336382.64
CTTCC/GGAAG,-198981.86,1527.99,-0.38,0.25,161813.79
GCCAA/TTGGC,-148266.34,1358.28,-0.39,0.24,117443.84
GCCGA/TCGGC,-108769.02,1174.56,-0.4,0.22,83396.39
CAGAC/GTCTG,-209601.87,1272.93,-0.4,0.23,162161.57
CTGAC/GTCAG,-112010.01,1122.54,-0.4,0.22,84551.55
CCGTA/TACGG,-595121.13,2016.48,-0.41,0.21,445987.75
ACGCA/TGCGT,-244329.03,1322.59,-0.41,0.22,183308.55
ACTGG/CCAGT,-152808.92,1154.09,-0.41,0.21,114539.79
ACGTC/GACGT,-362381.25,1407.8,-0.42,0.2,263494.41
CGGAC/GTCCG,-193414.09,1157.23,-0.43,0.19,136371.23
ACGCT/AGCGT,-204702.06,1401.57,-0.43,0.18,142299.72
ACCAG/CTGGT,-127325.41,1137.0,-0.44,0.17,86294.11
GAGGC/GCCTC,-424819.68,1571.67,-0.44,0.18,291226.53
CTGCC/GGCAG,-135627.11,1246.74,-0.44,0.17,91563.58
CCAGC/GCTGG,-65249.57,1082.76,-0.44,0.18,44715.52
CGCAG/CTGCG,-111670.02,1126.43,-0.45,0.16,72890.47
ATTGC/GCAAT,-308962.07,2075.83,-0.45,0.17,204854.64
ATGGG/CCCAT,-434946.55,1794.36,-0.45,0.17,290890.77
GTCAC/GTGAC,-361162.57,1558.69,-0.45,0.16,236193.83
CAGCG/CGCTG,-67305.1,1114.66,-0.46,0.16,43520.44
AGGCG/CGCCT,-192678.08,1399.07,-0.46,0.15,123523.96
CACCA/TGGTG,-143145.07,1249.84,-0.47,0.15,90033.97
CGCGC/GCGCG,-96822.45,1029.84,-0.47,0.15,60919.22
AGGGG/CCCCT,-478821.0,1503.85,-0.47,0.15,300294.53
CGGGA/TCCCG,-203534.58,1274.1,-0.47,0.15,128370.63
AACCA/TGGTT,-169716.77,1377.75,-0.47,0.15,106655.7
CTGGC/GCCAG,-67914.32,1053.61,-0.47,0.15,43029.26
CCCGA/TCGGG,-290658.43,1291.1,-0.48,0.14,178417.23
CCCGG/CCGGG,-120369.67,1030.78,-0.48,0.14,73498.67
GGTTA/TAACC,-297344.42,1460.74,-0.48,0.13,179732.08
GGTAA/TTACC,-200425.63,1355.74,-0.48,0.14,122291.29
ACCCA/TGGGT,-316006.52,1336.61,-0.48,0.13,191345.95
AGCGC/GCGCT,-130809.8,1223.03,-0.48,0.14,79693.43
AGCCA/TGGCT,-215374.02,1543.23,-0.48,0.13,129777.16
CGCCG/CGGCG,-65664.01,1086.47,-0.48,0.13,39853.97
GCGCC/GGCGC,-85587.62,1073.58,-0.48,0.14,52169.08
GCGCA/TGCGC,-122314.65,1143.43,-0.48,0.13,73657.06
CGTGA/TCACG,-216512.14,1359.76,-0.48,0.14,132743.09
ACGCC/GGCGT,-123771.76,1169.9,-0.48,0.14,75990.91
ACGCG/CGCGT,-175777.44,1137.17,-0.48,0.13,106205.78
CGCAA/TTGCG,-220638.95,1500.44,-0.48,0.14,134434.59
ACCCC/GGGGT,-696561.23,1550.47,-0.49,0.13,413647.66
CCGGC/GCCGG,-85261.86,1083.84,-0.49,0.12,50378.18
CCAGA/TCTGG,-152764.31,1215.61,-0.49,0.13,91153.95
ATGCC/GGCAT,-243004.0,1642.74,-0.49,0.13,144934.66
TCGAA/TTCGA,-430602.23,1894.4,-0.49,0.13,256399.38
CACGC/GCGTG,-145719.94,1141.74,-0.49,0.12,85418.87
CCCGC/GCGGG,-198807.73,1267.82,-0.5,0.12,115161.91
ACCAT/ATGGT,-384257.78,2003.33,-0.5,0.12,220808.58
GACGC/GCGTC,-172860.32,1216.48,-0.51,0.11,98336.75
CGGTA/TACCG,-187081.94,1295.25,-0.51,0.11,105746.22
AGCCC/GGGCT,-580234.47,1878.17,-0.51,0.11,323270.52
CCAAC/GTTGG,-282552.45,1403.75,-0.51,0.11,156988.03
CCCAG/CTGGG,-213598.73,1190.17,-0.51,0.11,119848.85
CCGCC/GGCGG,-103232.14,1207.96,-0.51,0.11,57659.8
CCGGA/TCCGG,-109782.91,1126.87,-0.51,0.11,61557.57
CGAAA/TTTCG,-245407.49,1829.51,-0.51,0.11,138871.21
CGCCA/TGGCG,-76128.77,1143.97,-0.51,0.11,42597.65
CGCTC/GAGCG,-387136.2,1750.84,-0.51,0.11,220004.5
CGGCC/GGCCG,-232027.48,1247.36,-0.51,0.11,129630.37
GGTCA/TGACC,-212579.85,1387.16,-0.51,0.11,119801.75
CAGGG/CCCTG,-265272.86,1303.34,-0.51,0.11,148886.13
GCACC/GGTGC,-252929.68,1418.22,-0.51,0.11,140571.36
GACCC/GGGTC,-618664.62,1463.84,-0.51,0.11,352301.77
ATCCG/CGGAT,-195610.26,1458.86,-0.52,0.1,107820.21
CATCC/GGATG,-210384.62,1512.14,-0.52,0.1,116343.93
TGCCA/TGGCA,-204688.7,1546.42,-0.52,0.1,112759.04
ACCGG/CCGGT,-157411.46,1198.63,-0.53,0.1,84435.02
GCCGC/GCGGC,-93933.23,1230.11,-0.53,0.09,49515.42
GGGTA/TACCC,-430560.74,1433.8,-0.53,0.1,232580.36
GGTGA/TCACC,-178295.6,1410.79,-0.53,0.1,95961.71
CGATC/GATCG,-226908.27,1461.42,-0.53,0.1,121772.28
GATGC/GCATC,-271956.62,1821.82,-0.53,0.09,143753.29
ACCAC/GTGGT,-210882.95,1223.97,-0.53,0.09,112664.31
GGCAC/GTGCC,-276535.87,1382.02,-0.53,0.09,148196.79
CCACA/TGTGG,-351855.18,1479.51,-0.54,0.09,182720.21
CCGCA/TGCGG,-194342.75,1408.62,-0.54,0.09,100470.45
GGGGA/TCCCC,-403071.81,1556.52,-0.54,0.09,209372.44
CGTCA/TGACG,-294669.66,1791.69,-0.55,0.08,148513.38
CCGAG/CTCGG,-491827.55,1531.6,-0.55,0.08,251052.75
AGGCC/GGCCT,-290167.59,1264.89,-0.55,0.08,146640.67
GACCA/TGGTC,-312759.68,1511.86,-0.55,0.08,159599.63
ACGGC/GCCGT,-196306.08,1459.98,-0.55,0.08,98141.03
CGTCC/GGACG,-418555.93,1581.96,-0.55,0.08,212612.91
CGGCA/TGCCG,-103535.24,1297.7,-0.55,0.08,53033.73
CGAGC/GCTCG,-436677.86,1742.43,-0.55,0.08,221755.37
AGGGC/GCCCT,-663229.19,1862.19,-0.56,0.07,324045.86
CCCCA/TGGGG,-621743.47,1762.04,-0.56,0.07,304079.3
CGGGC/GCCCG,-158482.39,1188.36,-0.56,0.07,77189.08
ACGGG/CCCGT,-263226.96,1328.49,-0.56,0.08,131379.52
CCGTC/GACGG,-236835.61,1465.94,-0.56,0.07,116495.38
CACGG/CCGTG,-231603.66,1270.17,-0.57,0.07,110236.27
CACGA/TCGTG,-647055.62,2037.83,-0.57,0.07,312929.98
ATGGC/GCCAT,-251693.8,1795.22,-0.57,0.07,121358.79
CGCAC/GTGCG,-303403.6,1365.43,-0.57,0.07,145969.01
AACGC/GCGTT,-204270.23,1519.45,-0.57,0.07,98194.37
CACCG/CGGTG,-131876.7,1227.83,-0.58,0.06,61408.22
CGCCC/GGGCG,-191976.08,1238.77,-0.58,0.06,89050.66
CCGCG/CGCGG,-163094.8,1187.9,-0.58,0.06,76316.13
AACCC/GGGTT,-643745.59,1993.15,-0.58,0.06,299367.29
CGTGC/GCACG,-398992.67,1581.55,-0.58,0.06,186553.37
GCCCA/TGGGC,-380190.12,1548.15,-0.58,0.06,178687.33
ATCCC/GGGAT,-363427.35,1702.52,-0.59,0.06,166602.39
ACCCG/CGGGT,-314150.07,1384.0,-0.59,0.05,142165.42
GGGCA/TGCCC,-303711.69,1470.62,-0.59,0.06,140346.81
AACGG/CCGTT,-336455.65,2088.95,-0.59,0.06,155137.61
CCACG/CGTGG,-220724.01,1186.93,-0.59,0.06,100410.66
GGCGA/TCGCC,-129643.65,1298.16,-0.59,0.06,59425.42
CCCAC/GTGGG,-537360.39,1446.73,-0.59,0.05,242663.94
GGCCC/GGGCC,-664344.94,1448.95,-0.59,0.05,299558.36
CCCCG/CGGGG,-391336.16,1375.62,-0.6,0.05,174379.88
ATGCG/CGCAT,-337791.86,1763.96,-0.6,0.05,148868.98
GCCCC/GGGGC,-426335.81,1459.87,-0.61,0.04,182887.04
ACCGC/GCGGT,-215889.51,1509.71,-0.61,0.04,92742.11
CGATA/TATCG,-322026.77,1895.44,-0.61,0.04,137997.71
CCTCG/CGAGG,-864007.54,1870.5,-0.61,0.04,370724.05
CGAGA/TCTCG,-714470.61,2106.94,-0.61,0.05,310116.41
AACCG/CGGTT,-339582.73,1956.96,-0.62,0.04,141827.66
CCCCC/GGGGG,-875870.53,1565.87,-0.62,0.04,367245.22
CGAAG/CTTCG,-612638.66,2639.86,-0.62,0.04,255371.99
GCGAA/TTCGC,-259339.03,1722.47,-0.63,0.04,107910.62
CGCGA/TCGCG,-218158.39,1285.84,-0.63,0.04,89587.16
GACGA/TCGTC,-430518.15,2034.97,-0.63,0.04,176356.65
CGACA/TGTCG,-390470.83,1870.07,-0.64,0.03,157389.0
GCCAC/GTGGC,-206433.26,1274.5,-0.64,0.04,83454.15
ACCGT/ACGGT,-317722.24,1718.77,-0.65,0.03,123769.97
CTCGA/TCGAG,-684998.58,1888.33,-0.65,0.03,265972.58
AGTCG/CGACT,-755599.52,2070.08,-0.65,0.03,293636.74
CACCC/GGGTG,-639498.31,1804.53,-0.66,0.03,240359.23
CGGTC/GACCG,-433371.13,1769.89,-0.66,0.03,164974.76
CGTTC/GAACG,-543109.73,2467.51,-0.67,0.02,199189.56
ATCGC/GCGAT,-225311.48,1761.44,-0.67,0.02,82983.4
ACCGA/TCGGT,-435746.45,1938.98,-0.67,0.02,160279.71
GGCCA/TGGCC,-361914.77,1485.28,-0.67,0.03,135269.05
GGCAA/TTGCC,-238772.25,1802.65,-0.68,0.02,85944.8
CCACC/GGTGG,-266489.22,1387.7,-0.69,0.02,93857.55
CAACG/CGTTG,-340430.39,1756.59,-0.69,0.02,120513.62
GCAAC/GTTGC,-330027.72,1728.73,-0.7,0.02,112832.06
CTCGC/GCGAG,-606421.76,1883.35,-0.7,0.02,207745.88
GCGAC/GTCGC,-281024.83,1468.17,-0.7,0.02,94956.99
CATGG/CCATG,-696937.41,2434.31,-0.71,0.01,231464.07
CAACC/GGTTG,-382492.5,1739.26,-0.71,0.01,127038.14
ATCGA/TCGAT,-440862.16,2236.24,-0.72,0.01,140408.45
TCGCA/TGCGA,-839209.97,2787.38,-0.73,0.01,259332.26
CGACG/CGTCG,-281948.68,1453.94,-0.73,0.01,87234.88
CGACC/GGTCG,-355956.72,1516.65,-0.73,0.01,110918.34
CCGAC/GTCGG,-435937.52,1743.69,-0.75,0.01,129084.61
CCATC/GATGG,-507524.64,2587.81,-0.8,0.0,126024.3
AGCGA/TCGCT,-642151.35,2991.66,-0.84,0.0,140709.46
CGAAC/GTTCG,-750278.72,2578.24,-0.85,0.0,154760.34
GTCGA/TCGAC,-609045.53,2050.21,-0.85,0.0,128212.55
ACGAC/GTCGT,-810304.31,2485.46,-0.86,0.0,157698.2
CATCG/CGATG,-434331.0,2533.87,-0.9,0.0,71131.39
